Altium Designer Pick and Place Locations
C:\Users\gjukwidh1\Documents\H Drive (local)\Vanity Projects\Radxa Cm5 Adapters\Rx-RP-CM5_X2\Project Outputs for rX-rP.X2\Pick Place for CM5_Adapter.csv

========================================================================================================================
File Design Information:

Date:       22/09/25
Time:       15:15
Revision:   Not in VersionControl
Variant:    No variations
Units used: mil

"Designator","Layer","Center-X(mil)","Center-Y(mil)","Rotation"
"U1","TopLayer","10.000","1040.000","0"
"R3","TopLayer","80.000","728.500","270"
"R2","TopLayer","80.000","838.500","270"
"R1","TopLayer","40.000","1168.500","90"
"L1","BottomLayer","270.000","558.700","270"
"PRG","TopLayer","-90.000","570.000","270"
"D1","BottomLayer","162.764","560.000","180"
"rPI1","BottomLayer","1190.000","1010.000","270"
"H2","TopLayer","1091.191","338.463","0"
"rxPI1","TopLayer","1158.524","1010.000","90"
"H1","TopLayer","1091.378","1679.183","0"
"J3","TopLayer","244.764","1011.782","90"
"HB","BottomLayer","1091.378","337.530","180"
"HA","BottomLayer","1091.378","1679.183","180"
