Altium Designer Pick and Place Locations
C:\Users\gjukwidh1\Documents\H Drive (local)\Vanity Projects\Radxa to Cm5\X1 - REDO\Project Outputs for rX-rP.X1\Pick Place for CM5_Adapter.csv

========================================================================================================================
File Design Information:

Date:       19/05/25
Time:       12:17
Revision:   Not in VersionControl
Variant:    No variations
Units used: mil

"Designator","Layer","Center-X(mil)","Center-Y(mil)","Rotation"
"U2","BottomLayer","957.956","998.040","180"
"U1","BottomLayer","1272.874","979.685","180"
"R1","BottomLayer","948.500","1100.000","180"
"rPI1","BottomLayer","1190.000","1010.000","270"
"H2","TopLayer","1091.191","338.463","0"
"rxPI1","TopLayer","1158.524","1010.000","90"
"H1","TopLayer","1091.378","1679.183","0"
"J3","TopLayer","244.764","1011.782","90"
"HB","BottomLayer","1091.378","337.530","180"
"HA","BottomLayer","1091.378","1679.183","180"
